{
  "staging": {
    "hydraHost": "https://oauth-staging.oneup.com",
    "oneUpHost": "https://staging.oneup.com",
    "apiHost": "https://stagingapi.oneup.com",
    "clientId": "",
    "clientSecret": "",
    "redirectUri": "",
    "scope": "offline",
    "responseMode": "form_post",
    "codeVerifier": "8vl-f4R-BG4YEPiEpsK5vGxosEGzAu5GXo_xLGGh_js",
    "codeChallenge": "o6TkqG8nyEztsKyPzgmZPwbL2rRXQ7LuW8vDG2ftdNw",
    "codeChallengeMethod": "S256",
    "username": "",
    "password": ""
  }
}