{
	"id": "370fd64a-9087-44e4-8316-ca8dca35f2ca",
	"name": "oauth2_staging",
	"values": [
		{
			"key": "oauth2_host",
			"value": "https://oauth-staging.oneup.com",
			"enabled": true
		},
		{
			"key": "client_id",
			"value": "",
			"enabled": true
		},
		{
			"key": "client_secret",
			"value": "",
			"enabled": true
		},
		{
			"key": "scope",
			"value": "offline_access",
			"enabled": true
		},
		{
			"key": "response_mode",
			"value": "form_post",
			"enabled": true
		},
		{
			"key": "redirect_uri",
			"value": "http://localhost:8080/callback",
			"enabled": true
		},
		{
			"key": "app_host",
			"value": "https://staging.oneup.com",
			"enabled": true
		},
		{
			"key": "user_login",
			"value": "",
			"enabled": true
		},
		{
			"key": "user_password",
			"value": "",
			"enabled": true
		},
		{
			"key": "api_host",
			"value": "https://stagingapi.oneup.com",
			"enabled": true
		}
	],
	"_postman_variable_scope": "environment",
	"_postman_exported_at": "2020-12-15T18:16:11.919Z",
	"_postman_exported_using": "Postman/7.35.0"
}