{
  "info": {
    "_postman_id": "a60dc47c-e21d-4a6c-99a6-3a80c3484191",
    "name": "oneup oauth2",
    "schema": "https://schema.getpostman.com/json/collection/v2.1.0/collection.json"
  },
  "item": [
    {
      "name": "#1 start oauth2 flow",
      "event": [
        {
          "listen": "test",
          "script": {
            "id": "cb808f1e-c73d-4b7e-9112-00a2514eddfc",
            "exec": [
              "pm.test(\"Status code is 302\", function () {",
              "    pm.response.to.have.status(302);",
              "    let loginChallenge = pm.response.headers.get(\"Location\").split(\"=\")[1];",
              "    let oauth2LoginCookie = pm.response.headers.get(\"Set-Cookie\");",
              "    pm.globals.set(\"login_challenge\", loginChallenge);",
              "});"
            ],
            "type": "text/javascript"
          }
        }
      ],
      "request": {
        "method": "GET",
        "header": [],
        "url": {
          "raw": "{{oauth2_host}}/oauth2/auth?response_type=code&client_id={{client_id}}&redirect_uri={{redirect_uri}}&scope={{scope}}&response_mode={{response_mode}}&state={{$timestamp}}&nonce={{$timestamp}}",
          "host": [
            "{{oauth2_host}}"
          ],
          "path": [
            "oauth2",
            "auth"
          ],
          "query": [
            {
              "key": "",
              "value": "",
              "disabled": true
            },
            {
              "key": "response_type",
              "value": "code"
            },
            {
              "key": "client_id",
              "value": "{{client_id}}"
            },
            {
              "key": "redirect_uri",
              "value": "{{redirect_uri}}"
            },
            {
              "key": "scope",
              "value": "{{scope}}"
            },
            {
              "key": "response_mode",
              "value": "{{response_mode}}"
            },
            {
              "key": "state",
              "value": "{{$timestamp}}"
            },
            {
              "key": "nonce",
              "value": "{{$timestamp}}"
            }
          ]
        },
        "description": "This request starts the oauth2 flow"
      },
      "response": []
    },
    {
      "name": "#2 login user",
      "event": [
        {
          "listen": "test",
          "script": {
            "id": "4f741a28-3928-49a6-8af6-7d1e39ab6818",
            "exec": [
              "pm.test(\"Status code is 302 and no authentication_err found\", function () {",
              "    pm.response.to.have.status(302);",
              "    pm.expect(pm.response.headers.get(\"Location\")).to.not.include(\"authentication_err\");",
              "    let loginVerifierRedirect = pm.response.headers.get(\"Location\");",
              "    pm.globals.set(\"login_verifier_redirect\", loginVerifierRedirect);",
              "});"
            ],
            "type": "text/javascript"
          }
        }
      ],
      "request": {
        "method": "POST",
        "header": [],
        "body": {
          "mode": "urlencoded",
          "urlencoded": [
            {
              "key": "login",
              "value": "{{user_login}}",
              "type": "text"
            },
            {
              "key": "password",
              "value": "{{user_password}}",
              "type": "text"
            },
            {
              "key": "login_challenge",
              "value": "{{login_challenge}}",
              "type": "text"
            }
          ]
        },
        "url": {
          "raw": "{{app_host}}/auth",
          "host": [
            "{{app_host}}"
          ],
          "path": [
            "auth"
          ]
        },
        "description": "After starting the oauth2, the user is redirected to the login page.\nThis request simulates the user inputing his login and password."
      },
      "response": []
    },
    {
      "name": "#3 follow login verifier request",
      "event": [
        {
          "listen": "test",
          "script": {
            "id": "f459c8e0-5911-41fb-a86c-f4c564afd9a4",
            "exec": [
              "pm.test(\"Status code is 302 and there is a consent_challenge\", function () {",
              "    pm.response.to.have.status(302);",
              "    pm.expect(pm.response.headers.get(\"Location\")).to.include(\"consent_challenge\");",
              "    let consentChallenge = pm.response.headers.get(\"Location\").split(\"=\")[1];",
              "    pm.globals.set(\"consent_challenge\", consentChallenge);",
              "});"
            ],
            "type": "text/javascript"
          }
        }
      ],
      "request": {
        "method": "GET",
        "header": [],
        "url": {
          "raw": "{{login_verifier_redirect}}",
          "host": [
            "{{login_verifier_redirect}}"
          ]
        },
        "description": "After login and password is validated, the user is redirected back to the authentication server.\nThis request follows this redirect."
      },
      "response": []
    },
    {
      "name": "#4 accept consent",
      "event": [
        {
          "listen": "test",
          "script": {
            "id": "dfee4342-faf0-4a06-8c8d-ac298f59e5b7",
            "exec": [
              "pm.test(\"Status code is 302 and no display-error found\", function () {",
              "    pm.response.to.have.status(302);",
              "    pm.expect(pm.response.headers.get(\"Location\")).to.not.include(\"display-error\");",
              "    let consentVerifierRedirect = pm.response.headers.get(\"Location\");",
              "    pm.globals.set(\"consent_verifier_redirect\", consentVerifierRedirect);",
              "});"
            ],
            "type": "text/javascript"
          }
        }
      ],
      "request": {
        "method": "POST",
        "header": [],
        "body": {
          "mode": "urlencoded",
          "urlencoded": [
            {
              "key": "consent_allow",
              "value": "true",
              "type": "text"
            },
            {
              "key": "consent_challenge",
              "value": "{{consent_challenge}}",
              "type": "text"
            }
          ]
        },
        "url": {
          "raw": "{{app_host}}/consent",
          "host": [
            "{{app_host}}"
          ],
          "path": [
            "consent"
          ]
        },
        "description": "After login is verified, the user is redirected to the consent page.\nThis request simulates the user accepting the consent."
      },
      "response": []
    },
    {
      "name": "#5 follow consent verifier redirect",
      "event": [
        {
          "listen": "test",
          "script": {
            "id": "04a97c72-662f-4aab-b72f-3810506da4bb",
            "exec": [
              "pm.test(\"Status code is 302, no error found and code retrieved\", function () {",
              "    pm.response.to.have.status(302);",
              "    pm.expect(pm.response.headers.get(\"Location\")).to.not.include(\"error\")",
              "    let regex = /(.+?)(code=)(.+?)($|&.+)/;",
              "    let code = pm.response.headers.get(\"Location\").match(regex)[3];",
              "    pm.expect(code).to.not.be.undefined;",
              "    pm.globals.set(\"code\", code);",
              "    console.log(\"retrieved code is \"+code);",
              "});"
            ],
            "type": "text/javascript"
          }
        }
      ],
      "request": {
        "method": "GET",
        "header": [],
        "url": {
          "raw": "{{consent_verifier_redirect}}",
          "host": [
            "{{consent_verifier_redirect}}"
          ]
        },
        "description": "After accepting the consent, the user is redirected back to the authorization server.\nThis request simulates the redirection."
      },
      "response": []
    },
    {
      "name": "#6 exchanges the code for an access_token",
      "event": [
        {
          "listen": "test",
          "script": {
            "id": "0b90a191-ad25-4269-90be-de015706ad0f",
            "exec": [
              "pm.test(\"Status code is 200 and response body has an access_token and a refresh_token\", function () {",
              "    pm.response.to.have.status(200);",
              "    pm.response.to.have.header(\"Content-Type\");",
              "    pm.expect(pm.response.headers.get(\"Content-Type\")).to.include(\"application/json\")",
              "    let json = pm.response.json();",
              "    pm.expect(json.access_token).to.not.be.undefined;",
              "    pm.expect(json.refresh_token).to.not.be.undefined;",
              "    console.log(\"access_token: \"+json.access_token);",
              "    console.log(\"refresh_token: \"+json.refresh_token);",
              "    pm.globals.set(\"access_token\", json.access_token);",
              "    pm.globals.set(\"refresh_token\", json.refresh_token);",
              "});"
            ],
            "type": "text/javascript"
          }
        }
      ],
      "request": {
        "method": "POST",
        "header": [],
        "body": {
          "mode": "urlencoded",
          "urlencoded": [
            {
              "key": "grant_type",
              "value": "authorization_code",
              "type": "text"
            },
            {
              "key": "code",
              "value": "{{code}}",
              "type": "text"
            },
            {
              "key": "client_id",
              "value": "{{client_id}}",
              "type": "text"
            },
            {
              "key": "client_secret",
              "value": "{{client_secret}}",
              "type": "text"
            },
            {
              "key": "redirect_uri",
              "value": "{{redirect_uri}}",
              "type": "text"
            }
          ]
        },
        "url": {
          "raw": "{{oauth2_host}}/oauth2/token",
          "host": [
            "{{oauth2_host}}"
          ],
          "path": [
            "oauth2",
            "token"
          ]
        },
        "description": "After following the consent verifier, the authentication server will returned the code to be exchanged by the token.\nThis request exchanges the code for a token."
      },
      "response": []
    },
    {
      "name": "#7 (optional) exchanges refresh_token for access_token",
      "event": [
        {
          "listen": "test",
          "script": {
            "id": "2311dc14-4e80-49f3-bd09-f05973383156",
            "exec": [
              "pm.test(\"Status code is 200 and response body has an access_token and a refresh_token\", function () {",
              "    pm.response.to.have.status(200);",
              "    pm.response.to.have.header(\"Content-Type\");",
              "    pm.expect(pm.response.headers.get(\"Content-Type\")).to.include(\"application/json\")",
              "    let json = pm.response.json();",
              "    pm.expect(json.access_token).to.not.be.undefined;",
              "    pm.expect(json.refresh_token).to.not.be.undefined;",
              "    console.log(\"access_token: \"+json.access_token);",
              "    console.log(\"refresh_token: \"+json.refresh_token);",
              "    pm.globals.set(\"access_token\", json.access_token);",
              "    pm.globals.set(\"refresh_token\", json.refresh_token);",
              "});"
            ],
            "type": "text/javascript"
          }
        }
      ],
      "request": {
        "method": "POST",
        "header": [],
        "body": {
          "mode": "urlencoded",
          "urlencoded": [
            {
              "key": "grant_type",
              "value": "refresh_token",
              "type": "text"
            },
            {
              "key": "refresh_token",
              "value": "{{refresh_token}}",
              "type": "text"
            },
            {
              "key": "client_id",
              "value": "{{client_id}}",
              "type": "text"
            },
            {
              "key": "client_secret",
              "value": "{{client_secret}}",
              "type": "text"
            }
          ]
        },
        "url": {
          "raw": "{{oauth2_host}}/oauth2/token",
          "host": [
            "{{oauth2_host}}"
          ],
          "path": [
            "oauth2",
            "token"
          ]
        },
        "description": "Along with the access_token, the client will receive a refresh_token that can be exchanged for a new access_token.\nThis request exchanges the refresh_token for a new access_token."
      },
      "response": []
    },
    {
      "name": "#8 (optional) call api using the access_token ",
      "event": [
        {
          "listen": "test",
          "script": {
            "id": "4c261d15-89d6-4e92-b838-636809beefd8",
            "exec": [
              "pm.test(\"Status code is 200\", function () {",
              "    pm.response.to.have.status(200);",
              "});"
            ],
            "type": "text/javascript"
          }
        }
      ],
      "request": {
        "method": "GET",
        "header": [
          {
            "key": "Authorization",
            "value": "Bearer {{access_token}}",
            "type": "text"
          }
        ],
        "url": {
          "raw": "{{api_host}}/v1/me",
          "host": [
            "{{api_host}}"
          ],
          "path": [
            "v1",
            "me"
          ]
        },
        "description": "Calls the OneUp API using the access_token retrieved from the Oauth2 flow."
      },
      "response": []
    }
  ],
  "protocolProfileBehavior": {}
}